{
	"box" : {
		"x" : [0, 4.705],
		"y" : [0, 4.07465],
		"z" : [0, 5.25],
		"xy" : -2.3525,
		"xz" : 0,
		"yz" : 0
	},
	"particles" : {
		"silicon" : [
			[2.132306, 0.0, 1.75],
			[1.286347000000000, 2.228018360163803, 0.000000000000000],
			[-1.066153000000000, 1.846631164641982, 3.500000000000000]		
		],
		"oxygen" : [
			[1.171309750000000,   1.173906528096547, 1.228500000000000],
			[0.750212250000001,   3.647218789653658, 0.521500000000000],
			[-1.181190250000000,   2.900742996709238, 2.271500000000000],
			[3.102712250000000,   0.427430735152127, 2.978500000000001],
			[2.783478000000001,   2.473312261557111, 4.728500000000000],
			[0.430978000000000,   1.601337263248673, 4.021500000000001]
		]
	}
}
