{
	"box" : {
		"x" : [0, 7.135600],
		"y" : [0, 12.369200],
		"z" : [0, 6.212520],
		"xy" : 0,
		"xz" : -3.5678,
		"yz" : 0
	},
	"particles" : {
		"silicon" : [
			[0.742120712000000,   1.339955436000000,   0.448978808590218],
			[4.600079288000000,   1.339955436000000,   2.657281109703807],
			[1.032279288000001,   7.524555436000000,   2.657281109703807],
			[2.806679288000002,  11.029244563999999,   5.763541027997832],
			[-0.761120711999999,   4.844644564000001,   5.763541027997832],
			[-1.051279287999999,  11.029244563999999,   3.555238726884244],
			[2.516520712000001,   4.844644564000000,   3.555238726884244],
			[4.309920712000001,   7.524555436000000,   0.448978808590218],
			[1.676830956000001,   1.954209908000000,   3.359544352031720],
			[0.078569044000001,   1.954209908000000,   5.959235402850356],
			[3.646369044000002,   8.138809907999999,   5.959235402850356],
			[1.871969044000001,  10.414990092000000,   2.852975484556331],
			[5.439769044000000,   4.230390092000000,   2.852975484556331],
			[3.470230956000001,  10.414990092000000,   0.253284433737695],
			[-0.097569043999999,   4.230390092000000,   0.253284433737695],
			[-1.890969043999998,   8.138809907999999,   3.359544352031720]		
		],
		"oxygen" : [
			[ 0.000000000000000,   0.000000000000000,   0.000000000000000], 
			[-1.793399999999999,   0.000000000000000,   3.106259918294025], 
			[ 1.774400000000001,   6.184600000000000,   3.106259918294025], 
			[ 3.567800000000001,   6.184600000000000,   0.000000000000000], 
			[ 0.877700000000001,   1.438537960000000,   4.659389877441038], 
			[-2.690099999999999,   7.623137960000000,   4.659389877441038], 
			[ 2.671100000000001,  10.930662040000000,   1.553129959147013], 
			[-0.896699999999999,   4.746062040000000,   1.553129959147013], 
			[-1.473881079999999,   1.526359280000001,   5.840389898376427], 
			[ 3.229281080000001,   1.526359280000000,   3.478389856505649], 
			[-0.338518919999999,   7.710959279999999,   3.478389856505649], 
			[ 5.022681080000001,  10.842840720000000,   0.372129938211624], 
			[ 1.454881080000000,   4.658240719999999,   0.372129938211624], 
			[ 0.319518920000001,  10.842840720000000,   2.734129980082402], 
			[ 3.887318920000000,   4.658240719999999,   2.734129980082402], 
			[ 2.093918920000002,   7.710959280000000,   5.840389898376427], 
			[ 1.044838080000001,   1.283922960000000,   2.038949010368198], 
			[ 4.297361920000000,   1.283922960000000,   1.067310907925827], 
			[ 0.729561920000001,   7.468522960000000,   1.067310907925827], 
			[ 2.503961920000002,  11.085277039999999,   4.173570826219852], 
			[-1.063838079999999,   4.900677040000000,   4.173570826219852], 
			[-0.748561919999998,  11.085277039999999,   5.145208928662224], 
			[ 2.819238080000001,   4.900677040000001,   5.145208928662224], 
			[ 4.612638080000001,   7.468522960000000,   2.038949010368198], 
			[-1.592475439999999,   2.618559640000000,   2.970826985856406], 
			[ 6.934675440000000,   2.618559640000000,   0.135432932437619], 
			[ 3.366875440000001,   8.803159639999999,   0.135432932437619], 
			[ 5.141275440000001,   9.750640360000000,   3.241692850731645], 
			[ 1.573475440000001,   3.566040360000000,   3.241692850731645], 
			[-3.385875439999998,   9.750640360000000,   6.077086904150431], 
			[ 0.181924560000001,   3.566040360000000,   6.077086904150431], 
			[ 1.975324560000001,   8.803159639999999,   2.970826985856406]
		]
	}
}
