{
    "box": {
        "x": [
            0,
            3.6147
        ],
        "y": [
            0,
            3.6147
        ],
        "z": [
            0,
            3.6147
        ],
        "xy": 0,
        "xz": 0,
        "yz": 0
    },
    "particles": {
        "copper": [
            [
                0,
                0,
                0
            ],
            [
                0,
                1.80735,
                1.80735
            ],
            [
                1.80735,
                0,
                1.80735
            ],
            [
                1.80735,
                1.80735,
                0
            ]
        ]
    }
}