{
    "box": {
        "y": [
            0,
            12.03
        ],
        "x": [
            0,
            12.03
        ],
        "z": [
            0,
            12.03
        ],
        "xy" : 0,
		"xz" : 0,
		"yz" : 0
    },
    "particles": {
        "water": [
            [
                0,
                0,
                3.00607
            ],
            [
                0,
                0,
                9.02393
            ],
            [
                0,
                2.32078,
                1.422
            ],
            [
                0,
                2.32078,
                10.608
            ],
            [
                0,
                9.70922,
                1.422
            ],
            [
                0,
                9.70922,
                10.608
            ],
            [
                6.015,
                3.00607,
                0
            ],
            [
                6.015,
                9.02393,
                0
            ],
            [
                6.015,
                1.422,
                2.32078
            ],
            [
                6.015,
                10.608,
                2.32078
            ],
            [
                6.015,
                1.422,
                9.70922
            ],
            [
                6.015,
                10.608,
                9.70922
            ],
            [
                3.69468,
                4.59285,
                0
            ],
            [
                3.69468,
                7.43715,
                0
            ],
            [
                2.32032,
                0,
                4.59285
            ],
            [
                2.32032,
                0,
                7.43715
            ],
            [
                2.26337,
                3.71265,
                2.2097
            ],
            [
                2.26337,
                3.71265,
                9.8203
            ],
            [
                2.26337,
                8.31735,
                2.2097
            ],
            [
                2.26337,
                8.31735,
                9.8203
            ],
            [
                3.75163,
                2.2097,
                3.71265
            ],
            [
                3.75163,
                9.8203,
                3.71265
            ],
            [
                3.75163,
                2.2097,
                8.31735
            ],
            [
                3.75163,
                9.8203,
                8.31735
            ],
            [
                8.33532,
                4.59285,
                0
            ],
            [
                8.33532,
                7.43715,
                0
            ],
            [
                9.70968,
                0,
                4.59285
            ],
            [
                9.70968,
                0,
                7.43715
            ],
            [
                9.76663,
                3.71265,
                2.2097
            ],
            [
                9.76663,
                3.71265,
                9.8203
            ],
            [
                9.76663,
                8.31735,
                2.2097
            ],
            [
                9.76663,
                8.31735,
                9.8203
            ],
            [
                8.27837,
                2.2097,
                3.71265
            ],
            [
                8.27837,
                9.8203,
                3.71265
            ],
            [
                8.27837,
                2.2097,
                8.31735
            ],
            [
                8.27837,
                9.8203,
                8.31735
            ],
            [
                3.00607,
                6.015,
                6.015
            ],
            [
                9.02393,
                6.015,
                6.015
            ],
            [
                1.422,
                6.015,
                8.33578
            ],
            [
                10.608,
                6.015,
                8.33578
            ],
            [
                1.422,
                6.015,
                3.69422
            ],
            [
                10.608,
                6.015,
                3.69422
            ],
            [
                4.59285,
                3.69468,
                6.015
            ],
            [
                7.43715,
                3.69468,
                6.015
            ],
            [
                4.59285,
                8.33532,
                6.015
            ],
            [
                7.43715,
                8.33532,
                6.015
            ]
        ],
        "methane": [
            [
                0,
                6.015,
                0
            ],
            [
                6.015,
                0,
                6.015
            ],
            [
                3.008,
                0,
                0
            ],
            [
                9.023,
                0,
                0
            ],
            [
                0,
                2.992,
                6.015
            ],
            [
                0,
                9.038,
                6.015
            ],
            [
                6.015,
                6.015,
                2.992
            ],
            [
                6.015,
                6.015,
                9.038
            ]
        ]
    }
}